<?xml version="1.0" encoding="UTF-8"?><mets xmlns:xlink="http://www.w3.org/1999/xlink" xmlns:utils="xalan://gov.gpo.fdsys.utils" xmlns:xalan="http://xml.apache.org/xalan" xmlns:xsi="http://www.w3.org/2001/XMLSchema-instance" xmlns:datetime="http://exslt.org/dates-and-times" xmlns="http://www.loc.gov/METS/" xsi:schemaLocation="http://www.loc.gov/METS/ http://www.loc.gov/standards/mets/mets.xsd" ID="P0b002ee1aaddc5fc" LABEL="To require the use of independent nonpartisan commissions to carry out congressional redistricting and to require States to hold open primaries for elections for Federal office." OBJID="BILLS-117hr100ih">
<metsHdr CREATEDATE="2021-01-20T09:37:01Z" LASTMODDATE="2021-01-20T09:37:01Z">
<agent ROLE="CREATOR" TYPE="ORGANIZATION">
<name>United States Government Publishing Office</name>
</agent>
</metsHdr>
<dmdSec ID="descriptive-metadata">
<mdRef ID="descriptive-metadata-mods" MIMETYPE="text/xml" LOCTYPE="URL" xlink:href="file://mods.xml" MDTYPE="MODS"/>
</dmdSec>
<amdSec>
<digiprovMD ID="provenance-metadata-premis">
<mdRef MIMETYPE="text/xml" LOCTYPE="URL" xlink:href="file://premis.xml" MDTYPE="PREMIS"/>
</digiprovMD>
</amdSec>
<fileSec><fileGrp USE="text/html"><file ID="FID1" MIMETYPE="text/html" SIZE="5285">
<FLocat LOCTYPE="URL" xlink:href="file://html/BILLS-117hr100ih.htm"/>
<FLocat LOCTYPE="URL" xlink:href="https://www.govinfo.gov/content/pkg/BILLS-117hr100ih/html/BILLS-117hr100ih.html"/>
</file></fileGrp><fileGrp USE="text/xml"><file ID="FID2" MIMETYPE="text/xml" SIZE="7353">
<FLocat LOCTYPE="URL" xlink:href="file://xml/BILLS-117hr100ih.xml"/>
<FLocat LOCTYPE="URL" xlink:href="https://www.govinfo.gov/content/pkg/BILLS-117hr100ih//BILLS-117hr100ih"/>
</file></fileGrp><fileGrp USE="application/pdf"><file ID="FID3" MIMETYPE="application/pdf" SIZE="283076">
<FLocat LOCTYPE="URL" xlink:href="file://pdf/BILLS-117hr100ih.pdf"/>
<FLocat LOCTYPE="URL" xlink:href="https://www.govinfo.gov/content/pkg/BILLS-117hr100ih/pdf/BILLS-117hr100ih.pdf"/>
</file></fileGrp></fileSec>
<structMap>
<div>
<div ADMID="provenance-metadata-premis">
<fptr FILEID="FID1"/>
</div>
<div ADMID="provenance-metadata-premis">
<fptr FILEID="FID2"/>
</div>
<div ADMID="provenance-metadata-premis">
<fptr FILEID="FID3"/>
</div>
</div>
</structMap>
</mets>
