<mods xmlns:xlink="http://www.w3.org/1999/xlink" xmlns:xsi="http://www.w3.org/2001/XMLSchema-instance" xmlns="http://www.loc.gov/mods/v3" version="3.3" xsi:schemaLocation="http://www.loc.gov/mods/v3 http://www.loc.gov/standards/mods/v3/mods-3-3.xsd" ID="P0b002ee1a10d3775">
<name type="corporate">
 <namePart>United States Government Publishing Office</namePart>
 <role>
  <roleTerm authority="marcrelator" type="text">publisher</roleTerm>
  <roleTerm authority="marcrelator" type="code">pbl</roleTerm>
</role>
 <role>
  <roleTerm authority="marcrelator" type="text">distributor</roleTerm>
  <roleTerm authority="marcrelator" type="code">dst</roleTerm>
</role>
</name>
<name type="corporate">
 <namePart>United States</namePart>
 <namePart>Congress</namePart>
 <namePart>House of Representatives</namePart>
 <role>
  <roleTerm authority="marcrelator" type="text">author</roleTerm>
  <roleTerm authority="marcrelator" type="code">aut</roleTerm>
</role>
 <description>Government Organization</description>
</name>
<typeOfResource>text</typeOfResource>
<genre authority="marcgt">government publication</genre>
<language>
 <languageTerm type="code" authority="iso639-2b">eng</languageTerm>
</language>
<extension>
 <collectionCode>BILLS</collectionCode>
 <searchTitle>To require the Consumer Financial Protection Bureau to meet its statutory purpose, and for other purposes.;Consumers First Act;H.R. 1500 (RH)
    </searchTitle>
 <category>Bills and Statutes</category>
 <waisDatabaseName>116_cong_bills</waisDatabaseName>
 <branch>legislative</branch>
 <dateIngested>2019-05-11</dateIngested>
</extension>
<titleInfo>
 <title>To require the Consumer Financial Protection Bureau to meet its statutory purpose, and for other purposes.</title>
</titleInfo>
<titleInfo type="alternative">
 <title>Consumers First Act</title>
</titleInfo>
<titleInfo type="alternative">
 <title>H.R. 1500 (RH)
    </title>
</titleInfo>
<originInfo>
 <publisher>U.S. Government Publishing Office</publisher>
 <dateIssued encoding="w3cdtf">2019-05-10</dateIssued>
 <issuance>monographic</issuance>
</originInfo>
<physicalDescription>
 <note type="source content type">deposited</note>
 <digitalOrigin>born digital</digitalOrigin>
 <extent>42 p.</extent>
</physicalDescription>
<classification authority="sudocs">Y 1.6:</classification>
<classification authority="sudocs">Y 1.4/6:</classification>
<identifier type="local">P0b002ee1a10d3775</identifier>
<identifier type="uri">https://www.govinfo.gov/app/details/BILLS-116hr1500rh</identifier>
<identifier type="preferred citation">H.R. 1500</identifier>
<identifier type="stock number">021-610-00252-9</identifier>
<identifier type="Parent ILS system id">000501532</identifier>
<identifier type="Child ILS system id">000325573</identifier>
<identifier type="Parent ILS title">Congressional bills</identifier>
<identifier type="Child ILS title">House bills</identifier>
<identifier type="former package identifier">f:h1500_rh.txt</identifier>
<location>
 <url displayLabel="Content Detail" access="object in context">https://www.govinfo.gov/app/details/BILLS-116hr1500rh</url>
 <url displayLabel="HTML rendition" access="raw object">https://www.govinfo.gov/content/pkg/BILLS-116hr1500rh/html/BILLS-116hr1500rh.htm</url>
 <url displayLabel="PDF rendition" access="raw object">https://www.govinfo.gov/content/pkg/BILLS-116hr1500rh/pdf/BILLS-116hr1500rh.pdf</url>
 <url displayLabel="XML rendition" access="raw object">https://www.govinfo.gov/content/pkg/BILLS-116hr1500rh/xml/BILLS-116hr1500rh.xml</url>
</location>
<accessCondition type="GPO scope determination">fdlp</accessCondition>
<recordInfo>
 <recordContentSource authority="marcorg">DGPO</recordContentSource>
 <recordCreationDate encoding="w3cdtf">2019-05-11</recordCreationDate>
 <recordChangeDate encoding="w3cdtf">2019-05-11</recordChangeDate>
 <recordIdentifier source="DGPO">BILLS-116hr1500rh</recordIdentifier>
 <recordOrigin>machine generated</recordOrigin>
 <languageOfCataloging>
  <languageTerm type="code" authority="iso639-2b">eng</languageTerm>
</languageOfCataloging>
</recordInfo>
<name type="personal">
 <namePart>Maxine Waters</namePart>
 <affiliation>United States House of Representatives</affiliation>
 <role>
  <roleTerm authority="marcrelator" type="text">sponsor</roleTerm>
  <roleTerm authority="marcrelator" type="code">spn</roleTerm>
</role>
 <description>United States Congress Member</description>
</name>
<name type="personal">
 <namePart>Carolyn B. Maloney</namePart>
 <affiliation>United States House of Representatives</affiliation>
 <role>
  <roleTerm type="text">cosponsor</roleTerm>
</role>
 <description>United States Congress Member</description>
</name>
<name type="personal">
 <namePart>Nydia M. Velazquez</namePart>
 <affiliation>United States House of Representatives</affiliation>
 <role>
  <roleTerm type="text">cosponsor</roleTerm>
</role>
 <description>United States Congress Member</description>
</name>
<name type="personal">
 <namePart>Brad Sherman</namePart>
 <affiliation>United States House of Representatives</affiliation>
 <role>
  <roleTerm type="text">cosponsor</roleTerm>
</role>
 <description>United States Congress Member</description>
</name>
<name type="personal">
 <namePart>Gregory W. Meeks</namePart>
 <affiliation>United States House of Representatives</affiliation>
 <role>
  <roleTerm type="text">cosponsor</roleTerm>
</role>
 <description>United States Congress Member</description>
</name>
<name type="personal">
 <namePart>Wm. Lacy Clay</namePart>
 <affiliation>United States House of Representatives</affiliation>
 <role>
  <roleTerm type="text">cosponsor</roleTerm>
</role>
 <description>United States Congress Member</description>
</name>
<name type="personal">
 <namePart>David Scott</namePart>
 <affiliation>United States House of Representatives</affiliation>
 <role>
  <roleTerm type="text">cosponsor</roleTerm>
</role>
 <description>United States Congress Member</description>
</name>
<name type="personal">
 <namePart>Al Green</namePart>
 <affiliation>United States House of Representatives</affiliation>
 <role>
  <roleTerm type="text">cosponsor</roleTerm>
</role>
 <description>United States Congress Member</description>
</name>
<name type="personal">
 <namePart>Emanuel Cleaver</namePart>
 <affiliation>United States House of Representatives</affiliation>
 <role>
  <roleTerm type="text">cosponsor</roleTerm>
</role>
 <description>United States Congress Member</description>
</name>
<name type="personal">
 <namePart>Ed Perlmutter</namePart>
 <affiliation>United States House of Representatives</affiliation>
 <role>
  <roleTerm type="text">cosponsor</roleTerm>
</role>
 <description>United States Congress Member</description>
</name>
<name type="personal">
 <namePart>James A. Himes</namePart>
 <affiliation>United States House of Representatives</affiliation>
 <role>
  <roleTerm type="text">cosponsor</roleTerm>
</role>
 <description>United States Congress Member</description>
</name>
<name type="personal">
 <namePart>Bill Foster</namePart>
 <affiliation>United States House of Representatives</affiliation>
 <role>
  <roleTerm type="text">cosponsor</roleTerm>
</role>
 <description>United States Congress Member</description>
</name>
<name type="personal">
 <namePart>Joyce Beatty</namePart>
 <affiliation>United States House of Representatives</affiliation>
 <role>
  <roleTerm type="text">cosponsor</roleTerm>
</role>
 <description>United States Congress Member</description>
</name>
<name type="personal">
 <namePart>Denny Heck</namePart>
 <affiliation>United States House of Representatives</affiliation>
 <role>
  <roleTerm type="text">cosponsor</roleTerm>
</role>
 <description>United States Congress Member</description>
</name>
<name type="personal">
 <namePart>Juan Vargas</namePart>
 <affiliation>United States House of Representatives</affiliation>
 <role>
  <roleTerm type="text">cosponsor</roleTerm>
</role>
 <description>United States Congress Member</description>
</name>
<name type="personal">
 <namePart>Vicente Gonzalez</namePart>
 <affiliation>United States House of Representatives</affiliation>
 <role>
  <roleTerm type="text">cosponsor</roleTerm>
</role>
 <description>United States Congress Member</description>
</name>
<name type="personal">
 <namePart>Al Lawson, Jr.</namePart>
 <affiliation>United States House of Representatives</affiliation>
 <role>
  <roleTerm type="text">cosponsor</roleTerm>
</role>
 <description>United States Congress Member</description>
</name>
<name type="personal">
 <namePart>Michael F. Q. San Nicolas</namePart>
 <affiliation>United States House of Representatives</affiliation>
 <role>
  <roleTerm type="text">cosponsor</roleTerm>
</role>
 <description>United States Congress Member</description>
</name>
<name type="personal">
 <namePart>Rashida Tlaib</namePart>
 <affiliation>United States House of Representatives</affiliation>
 <role>
  <roleTerm type="text">cosponsor</roleTerm>
</role>
 <description>United States Congress Member</description>
</name>
<name type="personal">
 <namePart>Katie Porter</namePart>
 <affiliation>United States House of Representatives</affiliation>
 <role>
  <roleTerm type="text">cosponsor</roleTerm>
</role>
 <description>United States Congress Member</description>
</name>
<name type="personal">
 <namePart>Cynthia Axne</namePart>
 <affiliation>United States House of Representatives</affiliation>
 <role>
  <roleTerm type="text">cosponsor</roleTerm>
</role>
 <description>United States Congress Member</description>
</name>
<name type="personal">
 <namePart>Ayanna Pressley</namePart>
 <affiliation>United States House of Representatives</affiliation>
 <role>
  <roleTerm type="text">cosponsor</roleTerm>
</role>
 <description>United States Congress Member</description>
</name>
<name type="personal">
 <namePart>Alexandria Ocasio-Cortez</namePart>
 <affiliation>United States House of Representatives</affiliation>
 <role>
  <roleTerm type="text">cosponsor</roleTerm>
</role>
 <description>United States Congress Member</description>
</name>
<name type="personal">
 <namePart>Jennifer Wexton</namePart>
 <affiliation>United States House of Representatives</affiliation>
 <role>
  <roleTerm type="text">cosponsor</roleTerm>
</role>
 <description>United States Congress Member</description>
</name>
<name type="personal">
 <namePart>Stephen F. Lynch</namePart>
 <affiliation>United States House of Representatives</affiliation>
 <role>
  <roleTerm type="text">cosponsor</roleTerm>
</role>
 <description>United States Congress Member</description>
</name>
<name type="personal">
 <namePart>Tulsi Gabbard</namePart>
 <affiliation>United States House of Representatives</affiliation>
 <role>
  <roleTerm type="text">cosponsor</roleTerm>
</role>
 <description>United States Congress Member</description>
</name>
<name type="personal">
 <namePart>Alma S. Adams</namePart>
 <affiliation>United States House of Representatives</affiliation>
 <role>
  <roleTerm type="text">cosponsor</roleTerm>
</role>
 <description>United States Congress Member</description>
</name>
<name type="personal">
 <namePart>Madeleine Dean</namePart>
 <affiliation>United States House of Representatives</affiliation>
 <role>
  <roleTerm type="text">cosponsor</roleTerm>
</role>
 <description>United States Congress Member</description>
</name>
<name type="personal">
 <namePart>Sylvia R. Garcia</namePart>
 <affiliation>United States House of Representatives</affiliation>
 <role>
  <roleTerm type="text">cosponsor</roleTerm>
</role>
 <description>United States Congress Member</description>
</name>
<name type="corporate">
 <namePart>United States</namePart>
 <namePart>Congress</namePart>
 <namePart>House of Representatives</namePart>
 <namePart>Committee on Financial Services</namePart>
 <role>
  <roleTerm authority="marcrelator" type="text">associated name</roleTerm>
  <roleTerm authority="marcrelator" type="code">asn</roleTerm>
</role>
</name>
<name type="corporate">
 <namePart>United States</namePart>
 <namePart>Congress</namePart>
 <namePart>House of Representatives</namePart>
 <namePart>Committee on Education and Labor</namePart>
 <role>
  <roleTerm authority="marcrelator" type="text">associated name</roleTerm>
  <roleTerm authority="marcrelator" type="code">asn</roleTerm>
</role>
</name>
<relatedItem type="isReferencedBy">
 <titleInfo>
  <title>United States Code</title>
  <partNumber>Title 5 Section 3132(a)</partNumber>
  <partNumber>Title 5 Section 3132(a)(1)(D)</partNumber>
  <partNumber>Title 5 Section 552a(w)</partNumber>
  <partNumber>Title 5 Chapter 53</partNumber>
</titleInfo>
 <identifier type="USC citation">5 U.S.C. 3132(a)</identifier>
 <identifier type="USC citation">5 U.S.C. 3132(a)(1)(D)</identifier>
 <identifier type="USC citation">5 U.S.C. 552a(w)</identifier>
 <identifier type="USC citation">5 U.S.C. Chapter 53</identifier>
</relatedItem>
<relatedItem type="isReferencedBy">
 <titleInfo>
  <title>United States Code</title>
  <partNumber>Title 10 Section 987(g)(3)(E)</partNumber>
</titleInfo>
 <identifier type="USC citation">10 U.S.C. 987(g)(3)(E)</identifier>
</relatedItem>
<relatedItem type="isReferencedBy">
 <titleInfo>
  <title>United States Code</title>
  <partNumber>Title 12 Section 1811</partNumber>
  <partNumber>Title 12 Section 1811note</partNumber>
  <partNumber>Title 12 Section 21et seq.</partNumber>
  <partNumber>Title 12 Section 2601et seq.</partNumber>
  <partNumber>Title 12 Section 2801et seq.</partNumber>
  <partNumber>Title 12 Section 3201et seq.</partNumber>
  <partNumber>Title 12 Section 3401et seq.</partNumber>
  <partNumber>Title 12 Section 3801et seq.</partNumber>
  <partNumber>Title 12 Section 4001</partNumber>
  <partNumber>Title 12 Section 4901et seq.</partNumber>
  <partNumber>Title 12 Section 5101et seq.</partNumber>
  <partNumber>Title 12 Section 5301et seq.</partNumber>
  <partNumber>Title 12 Section 5491</partNumber>
  <partNumber>Title 12 Section 5491(a)</partNumber>
  <partNumber>Title 12 Section 5492</partNumber>
  <partNumber>Title 12 Section 5493</partNumber>
  <partNumber>Title 12 Section 5493(a)(1)</partNumber>
  <partNumber>Title 12 Section 5493(b)(3)</partNumber>
  <partNumber>Title 12 Section 5493(c)(2)</partNumber>
  <partNumber>Title 12 Section 5494</partNumber>
  <partNumber>Title 12 Section 5496(c)</partNumber>
  <partNumber>Title 12 Section 5512(b)(2)(A)</partNumber>
  <partNumber>Title 12 Section 5535</partNumber>
  <partNumber>Title 12 Section 5538</partNumber>
</titleInfo>
 <identifier type="USC citation">12 U.S.C. 1811</identifier>
 <identifier type="USC citation">12 U.S.C. 1811note</identifier>
 <identifier type="USC citation">12 U.S.C. 21et seq.</identifier>
 <identifier type="USC citation">12 U.S.C. 2601et seq.</identifier>
 <identifier type="USC citation">12 U.S.C. 2801et seq.</identifier>
 <identifier type="USC citation">12 U.S.C. 3201et seq.</identifier>
 <identifier type="USC citation">12 U.S.C. 3401et seq.</identifier>
 <identifier type="USC citation">12 U.S.C. 3801et seq.</identifier>
 <identifier type="USC citation">12 U.S.C. 4001</identifier>
 <identifier type="USC citation">12 U.S.C. 4901et seq.</identifier>
 <identifier type="USC citation">12 U.S.C. 5101et seq.</identifier>
 <identifier type="USC citation">12 U.S.C. 5301et seq.</identifier>
 <identifier type="USC citation">12 U.S.C. 5491</identifier>
 <identifier type="USC citation">12 U.S.C. 5491(a)</identifier>
 <identifier type="USC citation">12 U.S.C. 5492</identifier>
 <identifier type="USC citation">12 U.S.C. 5493</identifier>
 <identifier type="USC citation">12 U.S.C. 5493(a)(1)</identifier>
 <identifier type="USC citation">12 U.S.C. 5493(b)(3)</identifier>
 <identifier type="USC citation">12 U.S.C. 5493(c)(2)</identifier>
 <identifier type="USC citation">12 U.S.C. 5494</identifier>
 <identifier type="USC citation">12 U.S.C. 5496(c)</identifier>
 <identifier type="USC citation">12 U.S.C. 5512(b)(2)(A)</identifier>
 <identifier type="USC citation">12 U.S.C. 5535</identifier>
 <identifier type="USC citation">12 U.S.C. 5538</identifier>
</relatedItem>
<relatedItem type="isReferencedBy">
 <titleInfo>
  <title>United States Code</title>
  <partNumber>Title 15 Section 1601</partNumber>
  <partNumber>Title 15 Section 1701et seq.</partNumber>
  <partNumber>Title 15 Section 6101et seq.</partNumber>
</titleInfo>
 <identifier type="USC citation">15 U.S.C. 1601</identifier>
 <identifier type="USC citation">15 U.S.C. 1701et seq.</identifier>
 <identifier type="USC citation">15 U.S.C. 6101et seq.</identifier>
</relatedItem>
<relatedItem type="isReferencedBy">
 <titleInfo>
  <title>United States Code</title>
  <partNumber>Title 20 Section 9701et seq.</partNumber>
</titleInfo>
 <identifier type="USC citation">20 U.S.C. 9701et seq.</identifier>
</relatedItem>
<relatedItem type="isReferencedBy">
 <titleInfo>
  <title>United States Code</title>
  <partNumber>Title 44 Section 3502(5)</partNumber>
  <partNumber>Title 44 Section 3513(c)</partNumber>
</titleInfo>
 <identifier type="USC citation">44 U.S.C. 3502(5)</identifier>
 <identifier type="USC citation">44 U.S.C. 3513(c)</identifier>
</relatedItem>
<relatedItem type="isReferencedBy">
 <titleInfo>
  <title>United States Public Law 8 (111th Congress)</title>
</titleInfo>
 <identifier type="public law citation">Public Law 111-8</identifier>
</relatedItem>
<relatedItem type="isReferencedBy">
 <titleInfo>
  <title>United States Public Law 203 (111th Congress)</title>
</titleInfo>
 <identifier type="public law citation">Public Law 111-203</identifier>
</relatedItem>
<relatedItem type="isReferencedBy">
 <titleInfo>
  <title>United States Union Calendar No. 35</title>
</titleInfo>
 <identifier type="congressional calendar citation">Union Calendar No. 35</identifier>
</relatedItem>
<extension>
 <docClass>hr</docClass>
 <accessId>BILLS-116hr1500rh</accessId>
 <congress>116</congress>
 <session>1</session>
 <originChamber>HOUSE</originChamber>
 <currentChamber>HOUSE</currentChamber>
 <billNumber>1500</billNumber>
 <billVersion reprint="false">rh</billVersion>
 <fileSuffix>rh</fileSuffix>
 <shortTitle type="measure">Consumers First Act</shortTitle>
 <officialTitle>To require the Consumer Financial Protection Bureau to meet its statutory purpose, and for other purposes.</officialTitle>
 <action date="2019-03-05">Ms. Waters (for herself, Mrs. Carolyn B. Maloney of New York, Ms. Velazquez, Mr. Sherman, Mr. Meeks, Mr. Clay, Mr. David Scott of Georgia, Mr. Green of Texas, Mr. Cleaver, Mr. Perlmutter, Mr. Himes, Mr. Foster, Mrs. Beatty, Mr. Heck, Mr. Vargas, Mr. Gonzalez of Texas, Mr. Lawson of Florida, Mr. San Nicolas, Ms. Tlaib, Ms. Porter, Mrs. Axne, Ms. Pressley, Ms. Ocasio-Cortez, Ms. Wexton, Mr. Lynch, Ms. Gabbard, Ms. Adams, Ms. Dean, Mr. Garcia of Illinois, and Ms. Garcia of Texas) introduced the following bill; which was referred to the Committee on Financial Services, and in addition to the Committee on Education and Labor, for a period to be subsequently determined by the Speaker, in each case for consideration of such provisions as fall within the jurisdiction of the committee concerned</action>
 <action date="2019-05-10">Reported from the Committee on Financial Services with an amendment</action>
 <action date="2019-05-10">Committee on Education and Labor discharged; committed to the Committee of the Whole House on the State of the Union and ordered to be printed</action>
 <congCommittee authorityId="hsba00" chamber="H" congress="116" type="S">
                      <name type="authority-standard">Committee on Financial Services</name>
                      <name type="authority-short">Financial Services</name>
                </congCommittee>
 <congCommittee authorityId="hsed00" chamber="H" congress="116" type="S">
                      <name type="authority-standard">Committee on Education and Labor</name>
                      <name type="authority-short">Education and Labor</name>
                </congCommittee>
 <congMember authorityId="1205" bioGuideId="W000187" chamber="H" congress="116" gpoId="7840" party="D" role="SPONSOR" state="CA">
                      <name type="parsed">Ms. Waters</name>
                      <name type="authority-fnf">Maxine Waters</name>
                      <name type="authority-lnf">Waters, Maxine</name>
                </congMember>
 <congMember authorityId="729" bioGuideId="M000087" chamber="H" congress="116" gpoId="8075" party="D" role="COSPONSOR" state="NY">
                      <name type="parsed">Mrs. Carolyn B. Maloney of New York</name>
                      <name type="authority-fnf">Carolyn B. Maloney</name>
                      <name type="authority-lnf">Maloney, Carolyn B.</name>
                      <name type="authority-other">Carolyn Maloney</name>
                </congMember>
 <congMember authorityId="1184" bioGuideId="V000081" chamber="H" congress="116" gpoId="8073" party="D" role="COSPONSOR" state="NY">
                      <name type="parsed">Ms. Velázquez</name>
                      <name type="authority-fnf">Nydia M. Velazquez</name>
                      <name type="authority-lnf">Velazquez, Nydia M.</name>
                      <name type="authority-other">Nydia Velazquez</name>
                </congMember>
 <congMember authorityId="1526" bioGuideId="S000344" chamber="H" congress="116" gpoId="7832" party="D" role="COSPONSOR" state="CA">
                      <name type="parsed">Mr. Sherman</name>
                      <name type="authority-fnf">Brad Sherman</name>
                      <name type="authority-lnf">Sherman, Brad</name>
                </congMember>
 <congMember authorityId="1506" bioGuideId="M001137" chamber="H" congress="116" gpoId="8067" party="D" role="COSPONSOR" state="NY">
                      <name type="parsed">Mr. Meeks</name>
                      <name type="authority-fnf">Gregory W. Meeks</name>
                      <name type="authority-lnf">Meeks, Gregory W.</name>
                      <name type="authority-other">Gregory Meeks</name>
                </congMember>
 <congMember authorityId="1654" bioGuideId="C001049" chamber="H" congress="116" gpoId="8009" party="D" role="COSPONSOR" state="MO">
                      <name type="parsed">Mr. Clay</name>
                      <name type="authority-fnf">Wm. Lacy Clay</name>
                      <name type="authority-lnf">Clay, Wm. Lacy</name>
                      <name type="authority-other">William Lacy Clay</name>
                </congMember>
 <congMember authorityId="1722" bioGuideId="S001157" chamber="H" congress="116" gpoId="7910" party="D" role="COSPONSOR" state="GA">
                      <name type="parsed">Mr. David Scott of Georgia</name>
                      <name type="authority-fnf">David Scott</name>
                      <name type="authority-lnf">Scott, David</name>
                </congMember>
 <congMember authorityId="1803" bioGuideId="G000553" chamber="H" congress="116" gpoId="8165" party="D" role="COSPONSOR" state="TX">
                      <name type="parsed">Mr. Green of Texas</name>
                      <name type="authority-fnf">Al Green</name>
                      <name type="authority-lnf">Green, Al</name>
                </congMember>
 <congMember authorityId="1790" bioGuideId="C001061" chamber="H" congress="116" gpoId="8013" party="D" role="COSPONSOR" state="MO">
                      <name type="parsed">Mr. Cleaver</name>
                      <name type="authority-fnf">Emanuel Cleaver</name>
                      <name type="authority-lnf">Cleaver, Emanuel</name>
                </congMember>
 <congMember authorityId="1835" bioGuideId="P000593" chamber="H" congress="116" gpoId="7865" party="D" role="COSPONSOR" state="CO">
                      <name type="parsed">Mr. Perlmutter</name>
                      <name type="authority-fnf">Ed Perlmutter</name>
                      <name type="authority-lnf">Perlmutter, Ed</name>
                </congMember>
 <congMember authorityId="1913" bioGuideId="H001047" chamber="H" congress="116" gpoId="7869" party="D" role="COSPONSOR" state="CT">
                      <name type="parsed">Mr. Himes</name>
                      <name type="authority-fnf">James A. Himes</name>
                      <name type="authority-lnf">Himes, James A.</name>
                      <name type="authority-other">Mr. James Himes</name>
                </congMember>
 <congMember authorityId="1888" bioGuideId="F000454" chamber="H" congress="116" gpoId="7355" party="D" role="COSPONSOR" state="IL">
                      <name type="parsed">Mr. Foster</name>
                      <name type="authority-fnf">Bill Foster</name>
                      <name type="authority-lnf">Foster, Bill</name>
                </congMember>
 <congMember authorityId="2153" bioGuideId="B001281" chamber="H" congress="116" party="D" role="COSPONSOR" state="OH">
                      <name type="parsed">Mrs. Beatty</name>
                      <name type="authority-fnf">Joyce Beatty</name>
                      <name type="authority-lnf">Beatty, Joyce</name>
                </congMember>
 <congMember authorityId="2170" bioGuideId="H001064" chamber="H" congress="116" party="D" role="COSPONSOR" state="WA">
                      <name type="parsed">Mr. Heck</name>
                      <name type="authority-fnf">Denny Heck</name>
                      <name type="authority-lnf">Heck, Denny</name>
                </congMember>
 <congMember authorityId="2112" bioGuideId="V000130" chamber="H" congress="116" party="D" role="COSPONSOR" state="CA">
                      <name type="parsed">Mr. Vargas</name>
                      <name type="authority-fnf">Juan Vargas</name>
                      <name type="authority-lnf">Vargas, Juan</name>
                </congMember>
 <congMember authorityId="2349" bioGuideId="G000581" chamber="H" congress="116" party="D" role="COSPONSOR" state="TX">
                      <name type="parsed">Mr. Gonzalez of Texas</name>
                      <name type="authority-fnf">Vicente Gonzalez</name>
                      <name type="authority-lnf">Gonzalez, Vicente</name>
                </congMember>
 <congMember authorityId="2317" bioGuideId="L000586" chamber="H" congress="116" party="D" role="COSPONSOR" state="FL">
                      <name type="parsed">Mr. Lawson of Florida</name>
                      <name type="authority-fnf">Al Lawson, Jr.</name>
                      <name type="authority-lnf">Lawson, Al, Jr.</name>
                      <name type="authority-other">Mr. Al Lawson Jr.</name>
                </congMember>
 <congMember authorityId="2393" bioGuideId="S001204" chamber="H" congress="116" party="D" role="COSPONSOR" state="GU">
                      <name type="parsed">Mr. San Nicolas</name>
                      <name type="authority-fnf">Michael F. Q. San Nicolas</name>
                      <name type="authority-lnf">San Nicolas, Michael F. Q.</name>
                      <name type="authority-other">Mr. Michael San Nicolas</name>
                </congMember>
 <congMember authorityId="2410" bioGuideId="T000481" chamber="H" congress="116" party="D" role="COSPONSOR" state="MI">
                      <name type="parsed">Ms. Tlaib</name>
                      <name type="authority-fnf">Rashida Tlaib</name>
                      <name type="authority-lnf">Tlaib, Rashida</name>
                </congMember>
 <congMember authorityId="2381" bioGuideId="P000618" chamber="H" congress="116" party="D" role="COSPONSOR" state="CA">
                      <name type="parsed">Ms. Porter</name>
                      <name type="authority-fnf">Katie Porter</name>
                      <name type="authority-lnf">Porter, Katie</name>
                </congMember>
 <congMember authorityId="2395" bioGuideId="A000378" chamber="H" congress="116" party="D" role="COSPONSOR" state="IA">
                      <name type="parsed">Mrs. Axne</name>
                      <name type="authority-fnf">Cynthia Axne</name>
                      <name type="authority-lnf">Axne, Cynthia</name>
                </congMember>
 <congMember authorityId="2405" bioGuideId="P000617" chamber="H" congress="116" party="D" role="COSPONSOR" state="MA">
                      <name type="parsed">Ms. Pressley</name>
                      <name type="authority-fnf">Ayanna Pressley</name>
                      <name type="authority-lnf">Pressley, Ayanna</name>
                </congMember>
 <congMember authorityId="2427" bioGuideId="O000172" chamber="H" congress="116" party="D" role="COSPONSOR" state="NY">
                      <name type="parsed">Ms. Ocasio-Cortez</name>
                      <name type="authority-fnf">Alexandria Ocasio-Cortez</name>
                      <name type="authority-lnf">Ocasio-Cortez, Alexandria</name>
                </congMember>
 <congMember authorityId="2457" bioGuideId="W000825" chamber="H" congress="116" party="D" role="COSPONSOR" state="VA">
                      <name type="parsed">Ms. Wexton</name>
                      <name type="authority-fnf">Jennifer Wexton</name>
                      <name type="authority-lnf">Wexton, Jennifer</name>
                </congMember>
 <congMember authorityId="1686" bioGuideId="L000562" chamber="H" congress="116" gpoId="7974" party="D" role="COSPONSOR" state="MA">
                      <name type="parsed">Mr. Lynch</name>
                      <name type="authority-fnf">Stephen F. Lynch</name>
                      <name type="authority-lnf">Lynch, Stephen F.</name>
                      <name type="authority-other">Mr. Stephen Lynch</name>
                </congMember>
 <congMember authorityId="2122" bioGuideId="G000571" chamber="H" congress="116" party="D" role="COSPONSOR" state="HI">
                      <name type="parsed">Ms. Gabbard</name>
                      <name type="authority-fnf">Tulsi Gabbard</name>
                      <name type="authority-lnf">Gabbard, Tulsi</name>
                </congMember>
 <congMember authorityId="2201" bioGuideId="A000370" chamber="H" congress="116" party="D" role="COSPONSOR" state="NC">
                      <name type="parsed">Ms. Adams</name>
                      <name type="authority-fnf">Alma S. Adams</name>
                      <name type="authority-lnf">Adams, Alma S.</name>
                      <name type="authority-other">Ms. Alma Adams</name>
                </congMember>
 <congMember authorityId="2432" bioGuideId="D000631" chamber="H" congress="116" party="D" role="COSPONSOR" state="PA">
                      <name type="parsed">Ms. Dean</name>
                      <name type="authority-fnf">Madeleine Dean</name>
                      <name type="authority-lnf">Dean, Madeleine</name>
                </congMember>
 <congMember authorityId="2450" bioGuideId="G000587" chamber="H" congress="116" party="D" role="COSPONSOR" state="TX">
                      <name type="parsed">Ms. Garcia of Texas</name>
                      <name type="authority-fnf">Sylvia R. Garcia</name>
                      <name type="authority-lnf">Garcia, Sylvia R.</name>
                      <name type="authority-other">Ms. Sylvia Garcia</name>
                </congMember>
 <law congress="111" isPrivate="false" number="8"></law>
 <law congress="111" isPrivate="false" number="203"></law>
 <congCalendar congress="116" number="35" type="UNION"></congCalendar>
 <isPrivate>false</isPrivate>
 <isAppropriation>false</isAppropriation>
 <USCode title="5">
                      <section detail="(a)" number="3132"></section>
                      <section detail="(a)(1)(D)" number="3132"></section>
                      <section detail="(w)" number="552a"></section>
                      <chapter number="53"></chapter>
                </USCode>
 <USCode title="10">
                      <section detail="(g)(3)(E)" number="987"></section>
                </USCode>
 <USCode title="12">
                      <section number="1811"></section>
                      <section detail="note" number="1811"></section>
                      <section detail="et seq." number="21"></section>
                      <section detail="et seq." number="2601"></section>
                      <section detail="et seq." number="2801"></section>
                      <section detail="et seq." number="3201"></section>
                      <section detail="et seq." number="3401"></section>
                      <section detail="et seq." number="3801"></section>
                      <section number="4001"></section>
                      <section detail="et seq." number="4901"></section>
                      <section detail="et seq." number="5101"></section>
                      <section detail="et seq." number="5301"></section>
                      <section number="5491"></section>
                      <section detail="(a)" number="5491"></section>
                      <section number="5492"></section>
                      <section number="5493"></section>
                      <section detail="(a)(1)" number="5493"></section>
                      <section detail="(b)(3)" number="5493"></section>
                      <section detail="(c)(2)" number="5493"></section>
                      <section number="5494"></section>
                      <section detail="(c)" number="5496"></section>
                      <section detail="(b)(2)(A)" number="5512"></section>
                      <section number="5535"></section>
                      <section number="5538"></section>
                </USCode>
 <USCode title="15">
                      <section number="1601"></section>
                      <section detail="et seq." number="1701"></section>
                      <section detail="et seq." number="6101"></section>
                </USCode>
 <USCode title="20">
                      <section detail="et seq." number="9701"></section>
                </USCode>
 <USCode title="44">
                      <section detail="(5)" number="3502"></section>
                      <section detail="(c)" number="3513"></section>
                </USCode>
</extension>
</mods>