<?xml version="1.0"?>
<?xml-stylesheet type="text/xsl" href="billres.xsl"?>
<!DOCTYPE bill PUBLIC "-//US Congress//DTDs/bill.dtd//EN" "bill.dtd">
<bill bill-stage="Introduced-in-House" dms-id="HC58AB591809D4E889EF4E23275E4CACF" public-private="public" key="H" bill-type="olc"><metadata xmlns:dc="http://purl.org/dc/elements/1.1/">
<dublinCore>
<dc:title>117 HR 100 IH: Citizen Legislature Anti-Corruption Reform of Elections Act</dc:title>
<dc:publisher>U.S. House of Representatives</dc:publisher>
<dc:date>2021-01-04</dc:date>
<dc:format>text/xml</dc:format>
<dc:language>EN</dc:language>
<dc:rights>Pursuant to Title 17 Section 105 of the United States Code, this file is not subject to copyright protection and is in the public domain.</dc:rights>
</dublinCore>
</metadata>
<form>
<distribution-code display="yes">I</distribution-code><congress display="yes">117th CONGRESS</congress><session display="yes">1st Session</session><legis-num display="yes">H. R. 100</legis-num><current-chamber>IN THE HOUSE OF REPRESENTATIVES</current-chamber><action display="yes"><action-date date="20210104">January 4, 2021</action-date><action-desc><sponsor name-id="F000466">Mr. Fitzpatrick</sponsor> (for himself and <cosponsor name-id="L000579">Mr. Lowenthal</cosponsor>) introduced the following bill; which was referred to the <committee-name committee-id="HHA00">Committee on House Administration</committee-name>, and in addition to the Committee on <committee-name committee-id="HJU00">the Judiciary</committee-name>, for a period to be subsequently determined by the Speaker, in each case for consideration of such provisions as fall within the jurisdiction of the committee concerned</action-desc></action><legis-type>A BILL</legis-type><official-title display="yes">To require the use of independent nonpartisan commissions to carry out congressional redistricting and to require States to hold open primaries for elections for Federal office.</official-title></form><legis-body id="H9FCA80A9EC054587A64B126D79CADA74" style="OLC"><section id="HD46D8EB122EB4213B2D3739A31884F41" section-type="section-one"><enum>1.</enum><header>Short title</header><text display-inline="no-display-inline">This Act may be cited as the <quote><short-title>Citizen Legislature Anti-Corruption Reform of Elections Act</short-title></quote> or the <quote><short-title>CLEAN Elections Act</short-title></quote>.</text></section><section id="H5C21D2B3796442B2833C325200959E2E"><enum>2.</enum><header>Requiring use of independent nonpartisan commissions to carry out redistricting</header><subsection id="H3F2DF8A33EF64550A9BC3B0877DE254F"><enum>(a)</enum><header>Requirement</header><paragraph id="HEDCD7AD2133949CDA2B83D5B68056BA6"><enum>(1)</enum><header>Congressional redistricting</header><text display-inline="yes-display-inline">Each State shall conduct Congressional redistricting (beginning with the redistricting carried out pursuant to the decennial census conducted during 2020) in accordance with a redistricting plan developed by a nonpartisan independent redistricting commission.</text></paragraph><paragraph id="HD30B132EDC724A739AEFF2425761E6D4"><enum>(2)</enum><header>Redistricting for State legislative districts</header><text display-inline="yes-display-inline">Notwithstanding any other provision of law, a State may not use any funds provided by the Federal Government directly for election administration purposes unless the State certifies to the Election Assistance Commission that the State conducts redistricting for State legislative districts in the State (beginning with the first such redistricting carried out after the date of the enactment of this Act) in accordance with a redistricting plan developed by a nonpartisan independent redistricting commission.</text></paragraph></subsection><subsection id="H8409EBF3AB0E4EF6B021841C6F7753F3"><enum>(b)</enum><header>Nonpartisan independent status</header><text display-inline="yes-display-inline">For purposes of this section, a commission shall be considered to be a nonpartisan independent commission if—</text><paragraph id="H1892705219AE4A57A4891FC27FF63F67"><enum>(1)</enum><text>the number of its members who are affiliated with the political party with the largest percentage of the registered voters in the State who are affiliated with a political party (as determined with respect to the most recent Statewide election for Federal office held in the State for which such information is available) is equal to the number of its members who are affiliated with the political party with the second largest percentage of the registered voters in the State who are affiliated with a political party (as so determined); and</text></paragraph><paragraph id="H301A7DE2A24A4D3DA23CE6D822D7AD0B"><enum>(2)</enum><text>none of its members is an elected public official.</text></paragraph></subsection><subsection id="H20A665A3C0B94C69A606D895282AF819"><enum>(c)</enum><header>State defined</header><text>In this section, the term <term>State</term> means each of the several States.</text></subsection></section><section id="H37A036AAC6D245FC82F8C49647ABEF11"><enum>3.</enum><header>Requiring open primaries</header><subsection id="HBFCAEB72A1C247598B2813BA16B2CC06"><enum>(a)</enum><header>In general</header><paragraph id="H7F4A9049247A487D8DFE5AE99EF4AD56"><enum>(1)</enum><header>Elections for Federal office</header><text>Each State shall hold open primaries for elections for Federal office held in the State.</text></paragraph><paragraph id="H131AD114C6304CBBBDFEF96A4170A7BA"><enum>(2)</enum><header>Elections for State and local office</header><text>Notwithstanding any other provision of law, a State may not use any funds provided by the Federal Government directly for election administration purposes unless the State certifies to the Election Assistance Commission that the State holds open primaries for elections for State and local office.</text></paragraph></subsection><subsection id="H5698E397669848C5972675CE5B69272E"><enum>(b)</enum><header>Open primaries described</header><text>For purposes of this section, a State holds open primaries for an election for an office if any individual who is registered to vote in a general election for such office in the State may cast a ballot in any primary election (including a primary election held for the selection of delegates to a national nominating convention of a political party and a primary election held for the expression of a preference for the nomination of individuals for election to the office of President) held by any political party to nominate candidates for election for that office, including a convention or caucus of a political party which has authority to nominate a candidate.</text></subsection><subsection id="HA25C0AD7657A451BA61ED0D4D2E05E41"><enum>(c)</enum><header>State defined</header><text>In this section, the term <term>State</term> has the meaning given such term in section 901 of the Help America Vote Act of 2002 (<external-xref legal-doc="usc" parsable-cite="usc/52/21141">52 U.S.C. 21141</external-xref>).</text></subsection><subsection id="H0AFC60DA27FE46B6AD47E5B3F333C69A"><enum>(d)</enum><header>Effective date</header><text>Subsection (a) shall apply with respect to elections held after the date of the enactment of this Act.</text></subsection></section></legis-body></bill> 

