<mods xmlns:xlink="http://www.w3.org/1999/xlink" xmlns:xsi="http://www.w3.org/2001/XMLSchema-instance" xmlns="http://www.loc.gov/mods/v3" version="3.3" xsi:schemaLocation="http://www.loc.gov/mods/v3 http://www.loc.gov/standards/mods/v3/mods-3-3.xsd" ID="P0b002ee19d3dcfd3">
<name type="corporate">
 <namePart>United States Government Publishing Office</namePart>
 <role>
  <roleTerm authority="marcrelator" type="text">publisher</roleTerm>
  <roleTerm authority="marcrelator" type="code">pbl</roleTerm>
</role>
 <role>
  <roleTerm authority="marcrelator" type="text">distributor</roleTerm>
  <roleTerm authority="marcrelator" type="code">dst</roleTerm>
</role>
</name>
<name type="corporate">
 <namePart>United States</namePart>
 <namePart>Congress</namePart>
 <namePart>House of Representatives</namePart>
 <role>
  <roleTerm authority="marcrelator" type="text">author</roleTerm>
  <roleTerm authority="marcrelator" type="code">aut</roleTerm>
</role>
 <description>Government Organization</description>
</name>
<typeOfResource>text</typeOfResource>
<genre authority="marcgt">government publication</genre>
<language>
 <languageTerm type="code" authority="iso639-2b">eng</languageTerm>
</language>
<extension>
 <collectionCode>BILLS</collectionCode>
 <searchTitle>To require the Consumer Financial Protection Bureau to meet its statutory purpose, and for other purposes.;Consumers First Act;H.R. 6972 (IH)
    </searchTitle>
 <category>Bills and Statutes</category>
 <waisDatabaseName>115_cong_bills</waisDatabaseName>
 <branch>legislative</branch>
 <dateIngested>2018-10-07</dateIngested>
</extension>
<titleInfo>
 <title>To require the Consumer Financial Protection Bureau to meet its statutory purpose, and for other purposes.</title>
</titleInfo>
<titleInfo type="alternative">
 <title>Consumers First Act</title>
</titleInfo>
<titleInfo type="alternative">
 <title>H.R. 6972 (IH)
    </title>
</titleInfo>
<originInfo>
 <publisher>U.S. Government Publishing Office</publisher>
 <dateIssued encoding="w3cdtf">2018-09-28</dateIssued>
 <issuance>monographic</issuance>
</originInfo>
<physicalDescription>
 <note type="source content type">deposited</note>
 <digitalOrigin>born digital</digitalOrigin>
 <extent>34 p.</extent>
</physicalDescription>
<classification authority="sudocs">Y 1.6:</classification>
<classification authority="sudocs">Y 1.4/6:</classification>
<identifier type="local">P0b002ee19d3dcfd3</identifier>
<identifier type="uri">https://www.govinfo.gov/app/details/BILLS-115hr6972ih</identifier>
<identifier type="preferred citation">H.R. 6972</identifier>
<identifier type="stock number">021-610-00252-9</identifier>
<identifier type="Parent ILS system id">000501532</identifier>
<identifier type="Child ILS system id">000325573</identifier>
<identifier type="Parent ILS title">Congressional bills</identifier>
<identifier type="Child ILS title">House bills</identifier>
<identifier type="former package identifier">f:h6972_ih.txt</identifier>
<location>
 <url displayLabel="Content Detail" access="object in context">https://www.govinfo.gov/app/details/BILLS-115hr6972ih</url>
 <url displayLabel="HTML rendition" access="raw object">https://www.govinfo.gov/content/pkg/BILLS-115hr6972ih/html/BILLS-115hr6972ih.htm</url>
 <url displayLabel="PDF rendition" access="raw object">https://www.govinfo.gov/content/pkg/BILLS-115hr6972ih/pdf/BILLS-115hr6972ih.pdf</url>
 <url displayLabel="XML rendition" access="raw object">https://www.govinfo.gov/content/pkg/BILLS-115hr6972ih/xml/BILLS-115hr6972ih.xml</url>
</location>
<accessCondition type="GPO scope determination">fdlp</accessCondition>
<recordInfo>
 <recordContentSource authority="marcorg">DGPO</recordContentSource>
 <recordCreationDate encoding="w3cdtf">2018-10-07</recordCreationDate>
 <recordChangeDate encoding="w3cdtf">2019-12-13</recordChangeDate>
 <recordIdentifier source="DGPO">BILLS-115hr6972ih</recordIdentifier>
 <recordOrigin>machine generated</recordOrigin>
 <languageOfCataloging>
  <languageTerm type="code" authority="iso639-2b">eng</languageTerm>
</languageOfCataloging>
</recordInfo>
<name type="personal">
 <namePart>Maxine Waters</namePart>
 <affiliation>United States House of Representatives</affiliation>
 <role>
  <roleTerm authority="marcrelator" type="text">sponsor</roleTerm>
  <roleTerm authority="marcrelator" type="code">spn</roleTerm>
</role>
 <description>United States Congress Member</description>
</name>
<name type="personal">
 <namePart>Carolyn B. Maloney</namePart>
 <affiliation>United States House of Representatives</affiliation>
 <role>
  <roleTerm type="text">cosponsor</roleTerm>
</role>
 <description>United States Congress Member</description>
</name>
<name type="personal">
 <namePart>Wm. Lacy Clay</namePart>
 <affiliation>United States House of Representatives</affiliation>
 <role>
  <roleTerm type="text">cosponsor</roleTerm>
</role>
 <description>United States Congress Member</description>
</name>
<name type="personal">
 <namePart>Al Green</namePart>
 <affiliation>United States House of Representatives</affiliation>
 <role>
  <roleTerm type="text">cosponsor</roleTerm>
</role>
 <description>United States Congress Member</description>
</name>
<name type="personal">
 <namePart>Gwen Moore</namePart>
 <affiliation>United States House of Representatives</affiliation>
 <role>
  <roleTerm type="text">cosponsor</roleTerm>
</role>
 <description>United States Congress Member</description>
</name>
<name type="personal">
 <namePart>Emanuel Cleaver</namePart>
 <affiliation>United States House of Representatives</affiliation>
 <role>
  <roleTerm type="text">cosponsor</roleTerm>
</role>
 <description>United States Congress Member</description>
</name>
<name type="corporate">
 <namePart>United States</namePart>
 <namePart>Congress</namePart>
 <namePart>House of Representatives</namePart>
 <namePart>Committee on Financial Services</namePart>
 <role>
  <roleTerm authority="marcrelator" type="text">associated name</roleTerm>
  <roleTerm authority="marcrelator" type="code">asn</roleTerm>
</role>
</name>
<name type="corporate">
 <namePart>United States</namePart>
 <namePart>Congress</namePart>
 <namePart>House of Representatives</namePart>
 <namePart>Committee on Education and the Workforce</namePart>
 <role>
  <roleTerm authority="marcrelator" type="text">associated name</roleTerm>
  <roleTerm authority="marcrelator" type="code">asn</roleTerm>
</role>
</name>
<relatedItem type="isReferencedBy">
 <titleInfo>
  <title>United States Code</title>
  <partNumber>Title 5 Section 3132(a)</partNumber>
  <partNumber>Title 5 Chapter 53</partNumber>
</titleInfo>
 <identifier type="USC citation">5 U.S.C. 3132(a)</identifier>
 <identifier type="USC citation">5 U.S.C. Chapter 53</identifier>
</relatedItem>
<relatedItem type="isReferencedBy">
 <titleInfo>
  <title>United States Code</title>
  <partNumber>Title 12 Section 1811</partNumber>
  <partNumber>Title 12 Section 1811note</partNumber>
  <partNumber>Title 12 Section 21et seq.</partNumber>
  <partNumber>Title 12 Section 2601et seq.</partNumber>
  <partNumber>Title 12 Section 2801et seq.</partNumber>
  <partNumber>Title 12 Section 3201et seq.</partNumber>
  <partNumber>Title 12 Section 3401et seq.</partNumber>
  <partNumber>Title 12 Section 3801et seq.</partNumber>
  <partNumber>Title 12 Section 4001</partNumber>
  <partNumber>Title 12 Section 4901et seq.</partNumber>
  <partNumber>Title 12 Section 5101et seq.</partNumber>
  <partNumber>Title 12 Section 5301et seq.</partNumber>
  <partNumber>Title 12 Section 5491</partNumber>
  <partNumber>Title 12 Section 5491(a)</partNumber>
  <partNumber>Title 12 Section 5492</partNumber>
  <partNumber>Title 12 Section 5493</partNumber>
  <partNumber>Title 12 Section 5493(a)(1)</partNumber>
  <partNumber>Title 12 Section 5493(b)(3)</partNumber>
  <partNumber>Title 12 Section 5493(c)(2)</partNumber>
  <partNumber>Title 12 Section 5496</partNumber>
  <partNumber>Title 12 Section 5496(c)</partNumber>
  <partNumber>Title 12 Section 5512(b)(2)(A)</partNumber>
  <partNumber>Title 12 Section 5535</partNumber>
</titleInfo>
 <identifier type="USC citation">12 U.S.C. 1811</identifier>
 <identifier type="USC citation">12 U.S.C. 1811note</identifier>
 <identifier type="USC citation">12 U.S.C. 21et seq.</identifier>
 <identifier type="USC citation">12 U.S.C. 2601et seq.</identifier>
 <identifier type="USC citation">12 U.S.C. 2801et seq.</identifier>
 <identifier type="USC citation">12 U.S.C. 3201et seq.</identifier>
 <identifier type="USC citation">12 U.S.C. 3401et seq.</identifier>
 <identifier type="USC citation">12 U.S.C. 3801et seq.</identifier>
 <identifier type="USC citation">12 U.S.C. 4001</identifier>
 <identifier type="USC citation">12 U.S.C. 4901et seq.</identifier>
 <identifier type="USC citation">12 U.S.C. 5101et seq.</identifier>
 <identifier type="USC citation">12 U.S.C. 5301et seq.</identifier>
 <identifier type="USC citation">12 U.S.C. 5491</identifier>
 <identifier type="USC citation">12 U.S.C. 5491(a)</identifier>
 <identifier type="USC citation">12 U.S.C. 5492</identifier>
 <identifier type="USC citation">12 U.S.C. 5493</identifier>
 <identifier type="USC citation">12 U.S.C. 5493(a)(1)</identifier>
 <identifier type="USC citation">12 U.S.C. 5493(b)(3)</identifier>
 <identifier type="USC citation">12 U.S.C. 5493(c)(2)</identifier>
 <identifier type="USC citation">12 U.S.C. 5496</identifier>
 <identifier type="USC citation">12 U.S.C. 5496(c)</identifier>
 <identifier type="USC citation">12 U.S.C. 5512(b)(2)(A)</identifier>
 <identifier type="USC citation">12 U.S.C. 5535</identifier>
</relatedItem>
<relatedItem type="isReferencedBy">
 <titleInfo>
  <title>United States Code</title>
  <partNumber>Title 15 Section 1601</partNumber>
  <partNumber>Title 15 Section 1701et seq.</partNumber>
  <partNumber>Title 15 Section 6101et seq.</partNumber>
</titleInfo>
 <identifier type="USC citation">15 U.S.C. 1601</identifier>
 <identifier type="USC citation">15 U.S.C. 1701et seq.</identifier>
 <identifier type="USC citation">15 U.S.C. 6101et seq.</identifier>
</relatedItem>
<relatedItem type="isReferencedBy">
 <titleInfo>
  <title>United States Code</title>
  <partNumber>Title 20 Section 9701et seq.</partNumber>
</titleInfo>
 <identifier type="USC citation">20 U.S.C. 9701et seq.</identifier>
</relatedItem>
<relatedItem type="isReferencedBy">
 <titleInfo>
  <title>United States Public Law 8 (111th Congress)</title>
</titleInfo>
 <identifier type="public law citation">Public Law 111-8</identifier>
</relatedItem>
<relatedItem type="isReferencedBy">
 <titleInfo>
  <title>United States Public Law 203 (111th Congress)</title>
</titleInfo>
 <identifier type="public law citation">Public Law 111-203</identifier>
</relatedItem>
<extension>
 <docClass>hr</docClass>
 <accessId>BILLS-115hr6972ih</accessId>
 <congress>115</congress>
 <session>2</session>
 <originChamber>HOUSE</originChamber>
 <currentChamber>HOUSE</currentChamber>
 <billNumber>6972</billNumber>
 <billVersion reprint="false">ih</billVersion>
 <fileSuffix>ih</fileSuffix>
 <shortTitle type="measure">Consumers First Act</shortTitle>
 <officialTitle>To require the Consumer Financial Protection Bureau to meet its statutory purpose, and for other purposes.</officialTitle>
 <action date="2018-09-28">Ms. Maxine Waters of California (for herself, Mrs. Carolyn B. Maloney of New York, Mr. Clay, Mr. Al Green of Texas, Ms. Moore, and Mr. Cleaver) introduced the following bill; which was referred to the Committee on Financial Services, and in addition to the Committee on Education and the Workforce, for a period to be subsequently determined by the Speaker, in each case for consideration of such provisions as fall within the jurisdiction of the committee concerned</action>
 <congCommittee authorityId="hsba00" chamber="H" congress="115" type="S">
                      <name type="authority-standard">Committee on Financial Services</name>
                      <name type="authority-short">Financial Services</name>
                </congCommittee>
 <congCommittee authorityId="hsed00" chamber="H" congress="115" type="S">
                      <name type="authority-standard">Committee on Education and the Workforce</name>
                      <name type="authority-short">Education and the Workforce</name>
                </congCommittee>
 <congMember authorityId="1205" bioGuideId="W000187" chamber="H" congress="115" gpoId="7840" party="D" role="SPONSOR" state="CA">
                      <name type="parsed">Ms. Maxine Waters of California</name>
                      <name type="authority-fnf">Maxine Waters</name>
                      <name type="authority-lnf">Waters, Maxine</name>
                </congMember>
 <congMember authorityId="729" bioGuideId="M000087" chamber="H" congress="115" gpoId="8075" party="D" role="COSPONSOR" state="NY">
                      <name type="parsed">Mrs. Carolyn B. Maloney of New York</name>
                      <name type="authority-fnf">Carolyn B. Maloney</name>
                      <name type="authority-lnf">Maloney, Carolyn B.</name>
                      <name type="authority-other">Carolyn Maloney</name>
                </congMember>
 <congMember authorityId="1654" bioGuideId="C001049" chamber="H" congress="115" gpoId="8009" party="D" role="COSPONSOR" state="MO">
                      <name type="parsed">Mr. Clay</name>
                      <name type="authority-fnf">Wm. Lacy Clay</name>
                      <name type="authority-lnf">Clay, Wm. Lacy</name>
                      <name type="authority-other">William Lacy Clay</name>
                </congMember>
 <congMember authorityId="1803" bioGuideId="G000553" chamber="H" congress="115" gpoId="8165" party="D" role="COSPONSOR" state="TX">
                      <name type="parsed">Mr. Al Green of Texas</name>
                      <name type="authority-fnf">Al Green</name>
                      <name type="authority-lnf">Green, Al</name>
                </congMember>
 <congMember authorityId="1811" bioGuideId="M001160" chamber="H" congress="115" gpoId="8217" party="D" role="COSPONSOR" state="WI">
                      <name type="parsed">Ms. Moore</name>
                      <name type="authority-fnf">Gwen Moore</name>
                      <name type="authority-lnf">Moore, Gwen</name>
                </congMember>
 <congMember authorityId="1790" bioGuideId="C001061" chamber="H" congress="115" gpoId="8013" party="D" role="COSPONSOR" state="MO">
                      <name type="parsed">Mr. Cleaver</name>
                      <name type="authority-fnf">Emanuel Cleaver</name>
                      <name type="authority-lnf">Cleaver, Emanuel</name>
                </congMember>
 <law congress="111" isPrivate="false" number="8"></law>
 <law congress="111" isPrivate="false" number="203"></law>
 <isPrivate>false</isPrivate>
 <isAppropriation>false</isAppropriation>
 <USCode title="5">
                      <section detail="(a)" number="3132"></section>
                      <chapter number="53"></chapter>
                </USCode>
 <USCode title="12">
                      <section number="1811"></section>
                      <section detail="note" number="1811"></section>
                      <section detail="et seq." number="21"></section>
                      <section detail="et seq." number="2601"></section>
                      <section detail="et seq." number="2801"></section>
                      <section detail="et seq." number="3201"></section>
                      <section detail="et seq." number="3401"></section>
                      <section detail="et seq." number="3801"></section>
                      <section number="4001"></section>
                      <section detail="et seq." number="4901"></section>
                      <section detail="et seq." number="5101"></section>
                      <section detail="et seq." number="5301"></section>
                      <section number="5491"></section>
                      <section detail="(a)" number="5491"></section>
                      <section number="5492"></section>
                      <section number="5493"></section>
                      <section detail="(a)(1)" number="5493"></section>
                      <section detail="(b)(3)" number="5493"></section>
                      <section detail="(c)(2)" number="5493"></section>
                      <section number="5496"></section>
                      <section detail="(c)" number="5496"></section>
                      <section detail="(b)(2)(A)" number="5512"></section>
                      <section number="5535"></section>
                </USCode>
 <USCode title="15">
                      <section number="1601"></section>
                      <section detail="et seq." number="1701"></section>
                      <section detail="et seq." number="6101"></section>
                </USCode>
 <USCode title="20">
                      <section detail="et seq." number="9701"></section>
                </USCode>
</extension>
</mods>