<?xml version="1.0" encoding="UTF-8"?><mets xmlns:xlink="http://www.w3.org/1999/xlink" xmlns:utils="xalan://gov.gpo.fdsys.utils" xmlns:xalan="http://xml.apache.org/xalan" xmlns:xsi="http://www.w3.org/2001/XMLSchema-instance" xmlns:datetime="http://exslt.org/dates-and-times" xmlns="http://www.loc.gov/METS/" xsi:schemaLocation="http://www.loc.gov/METS/ http://www.loc.gov/standards/mets/mets.xsd" ID="P0b002ee1a137598e" LABEL="An Act To require the Consumer Financial Protection Bureau to meet its statutory purpose, and for other purposes." OBJID="BILLS-116hr1500rfs">
<metsHdr CREATEDATE="2020-08-12T18:07:45Z" LASTMODDATE="2020-08-12T18:07:45Z">
<agent ROLE="CREATOR" TYPE="ORGANIZATION">
<name>United States Government Publishing Office</name>
</agent>
</metsHdr>
<dmdSec ID="descriptive-metadata">
<mdRef ID="descriptive-metadata-mods" MIMETYPE="text/xml" LOCTYPE="URL" xlink:href="file://mods.xml" MDTYPE="MODS"/>
</dmdSec>
<amdSec>
<digiprovMD ID="provenance-metadata-premis">
<mdRef MIMETYPE="text/xml" LOCTYPE="URL" xlink:href="file://premis.xml" MDTYPE="PREMIS"/>
</digiprovMD>
</amdSec>
<fileSec><fileGrp USE="text/html"><file ID="FID1" MIMETYPE="text/html" SIZE="71632">
<FLocat LOCTYPE="URL" xlink:href="file://html/BILLS-116hr1500rfs.htm"/>
<FLocat LOCTYPE="URL" xlink:href="https://www.govinfo.gov/content/pkg/BILLS-116hr1500rfs/html/BILLS-116hr1500rfs.html"/>
</file></fileGrp><fileGrp USE="text/xml"><file ID="FID2" MIMETYPE="text/xml" SIZE="96516">
<FLocat LOCTYPE="URL" xlink:href="file://xml/BILLS-116hr1500rfs.xml"/>
<FLocat LOCTYPE="URL" xlink:href="https://www.govinfo.gov/content/pkg/BILLS-116hr1500rfs//BILLS-116hr1500rfs"/>
</file></fileGrp><fileGrp USE="application/pdf"><file ID="FID3" MIMETYPE="application/pdf" SIZE="371001">
<FLocat LOCTYPE="URL" xlink:href="file://pdf/BILLS-116hr1500rfs.pdf"/>
<FLocat LOCTYPE="URL" xlink:href="https://www.govinfo.gov/content/pkg/BILLS-116hr1500rfs/pdf/BILLS-116hr1500rfs.pdf"/>
</file></fileGrp></fileSec>
<structMap>
<div>
<div ADMID="provenance-metadata-premis">
<fptr FILEID="FID1"/>
</div>
<div ADMID="provenance-metadata-premis">
<fptr FILEID="FID2"/>
</div>
<div ADMID="provenance-metadata-premis">
<fptr FILEID="FID3"/>
</div>
</div>
</structMap>
</mets>
