<mods xmlns:xlink="http://www.w3.org/1999/xlink" xmlns:xsi="http://www.w3.org/2001/XMLSchema-instance" xmlns="http://www.loc.gov/mods/v3" version="3.3" xsi:schemaLocation="http://www.loc.gov/mods/v3 http://www.loc.gov/standards/mods/v3/mods-3-3.xsd" ID="P0b002ee1a133071d">
<name type="corporate">
 <namePart>United States Government Publishing Office</namePart>
 <role>
  <roleTerm authority="marcrelator" type="text">publisher</roleTerm>
  <roleTerm authority="marcrelator" type="code">pbl</roleTerm>
</role>
 <role>
  <roleTerm authority="marcrelator" type="text">distributor</roleTerm>
  <roleTerm authority="marcrelator" type="code">dst</roleTerm>
</role>
</name>
<name type="corporate">
 <namePart>United States</namePart>
 <namePart>Congress</namePart>
 <namePart>House of Representatives</namePart>
 <role>
  <roleTerm authority="marcrelator" type="text">author</roleTerm>
  <roleTerm authority="marcrelator" type="code">aut</roleTerm>
</role>
 <description>Government Organization</description>
</name>
<typeOfResource>text</typeOfResource>
<genre authority="marcgt">government publication</genre>
<language>
 <languageTerm type="code" authority="iso639-2b">eng</languageTerm>
</language>
<extension>
 <collectionCode>BILLS</collectionCode>
 <searchTitle>An Act To require the Consumer Financial Protection Bureau to meet its statutory purpose, and for other purposes.;Consumers First Act;H.R. 1500 (EH)
    </searchTitle>
 <category>Bills and Statutes</category>
 <waisDatabaseName>116_cong_bills</waisDatabaseName>
 <branch>legislative</branch>
 <dateIngested>2019-05-24</dateIngested>
</extension>
<titleInfo>
 <title>An Act To require the Consumer Financial Protection Bureau to meet its statutory purpose, and for other purposes.</title>
</titleInfo>
<titleInfo type="alternative">
 <title>Consumers First Act</title>
</titleInfo>
<titleInfo type="alternative">
 <title>H.R. 1500 (EH)
    </title>
</titleInfo>
<originInfo>
 <publisher>U.S. Government Publishing Office</publisher>
 <dateIssued encoding="w3cdtf">2019-05-22</dateIssued>
 <issuance>monographic</issuance>
</originInfo>
<physicalDescription>
 <note type="source content type">deposited</note>
 <digitalOrigin>born digital</digitalOrigin>
 <extent>56 p.</extent>
</physicalDescription>
<classification authority="sudocs">Y 1.6:</classification>
<classification authority="sudocs">Y 1.4/6:</classification>
<identifier type="local">P0b002ee1a133071d</identifier>
<identifier type="uri">https://www.govinfo.gov/app/details/BILLS-116hr1500eh</identifier>
<identifier type="preferred citation">H.R. 1500</identifier>
<identifier type="stock number">021-610-00252-9</identifier>
<identifier type="Parent ILS system id">000501532</identifier>
<identifier type="Child ILS system id">000325573</identifier>
<identifier type="Parent ILS title">Congressional bills</identifier>
<identifier type="Child ILS title">House bills</identifier>
<identifier type="former package identifier">f:h1500_eh.txt</identifier>
<location>
 <url displayLabel="Content Detail" access="object in context">https://www.govinfo.gov/app/details/BILLS-116hr1500eh</url>
 <url displayLabel="HTML rendition" access="raw object">https://www.govinfo.gov/content/pkg/BILLS-116hr1500eh/html/BILLS-116hr1500eh.htm</url>
 <url displayLabel="PDF rendition" access="raw object">https://www.govinfo.gov/content/pkg/BILLS-116hr1500eh/pdf/BILLS-116hr1500eh.pdf</url>
 <url displayLabel="XML rendition" access="raw object">https://www.govinfo.gov/content/pkg/BILLS-116hr1500eh/xml/BILLS-116hr1500eh.xml</url>
</location>
<accessCondition type="GPO scope determination">fdlp</accessCondition>
<recordInfo>
 <recordContentSource authority="marcorg">DGPO</recordContentSource>
 <recordCreationDate encoding="w3cdtf">2019-05-24</recordCreationDate>
 <recordChangeDate encoding="w3cdtf">2019-05-24</recordChangeDate>
 <recordIdentifier source="DGPO">BILLS-116hr1500eh</recordIdentifier>
 <recordOrigin>machine generated</recordOrigin>
 <languageOfCataloging>
  <languageTerm type="code" authority="iso639-2b">eng</languageTerm>
</languageOfCataloging>
</recordInfo>
<relatedItem type="isReferencedBy">
 <titleInfo>
  <title>United States Code</title>
  <partNumber>Title 5 Section 3132(a)</partNumber>
  <partNumber>Title 5 Section 3132(a)(1)(D)</partNumber>
  <partNumber>Title 5 Section 552a(w)</partNumber>
  <partNumber>Title 5 Chapter 53</partNumber>
</titleInfo>
 <identifier type="USC citation">5 U.S.C. 3132(a)</identifier>
 <identifier type="USC citation">5 U.S.C. 3132(a)(1)(D)</identifier>
 <identifier type="USC citation">5 U.S.C. 552a(w)</identifier>
 <identifier type="USC citation">5 U.S.C. Chapter 53</identifier>
</relatedItem>
<relatedItem type="isReferencedBy">
 <titleInfo>
  <title>United States Code</title>
  <partNumber>Title 10 Section 987(g)(3)(E)</partNumber>
</titleInfo>
 <identifier type="USC citation">10 U.S.C. 987(g)(3)(E)</identifier>
</relatedItem>
<relatedItem type="isReferencedBy">
 <titleInfo>
  <title>United States Code</title>
  <partNumber>Title 12 Section 1811</partNumber>
  <partNumber>Title 12 Section 1811note</partNumber>
  <partNumber>Title 12 Section 21et seq.</partNumber>
  <partNumber>Title 12 Section 2601et seq.</partNumber>
  <partNumber>Title 12 Section 2801et seq.</partNumber>
  <partNumber>Title 12 Section 2803</partNumber>
  <partNumber>Title 12 Section 289(a)(3)(A)</partNumber>
  <partNumber>Title 12 Section 3201et seq.</partNumber>
  <partNumber>Title 12 Section 3401et seq.</partNumber>
  <partNumber>Title 12 Section 3801et seq.</partNumber>
  <partNumber>Title 12 Section 4001</partNumber>
  <partNumber>Title 12 Section 4901et seq.</partNumber>
  <partNumber>Title 12 Section 5101et seq.</partNumber>
  <partNumber>Title 12 Section 5301et seq.</partNumber>
  <partNumber>Title 12 Section 5491</partNumber>
  <partNumber>Title 12 Section 5491(a)</partNumber>
  <partNumber>Title 12 Section 5492</partNumber>
  <partNumber>Title 12 Section 5493</partNumber>
  <partNumber>Title 12 Section 5493(a)(1)</partNumber>
  <partNumber>Title 12 Section 5493(b)(3)</partNumber>
  <partNumber>Title 12 Section 5493(c)(2)</partNumber>
  <partNumber>Title 12 Section 5494</partNumber>
  <partNumber>Title 12 Section 5496</partNumber>
  <partNumber>Title 12 Section 5496(c)</partNumber>
  <partNumber>Title 12 Section 5512</partNumber>
  <partNumber>Title 12 Section 5512(b)(2)(A)</partNumber>
  <partNumber>Title 12 Section 5517</partNumber>
  <partNumber>Title 12 Section 5535</partNumber>
  <partNumber>Title 12 Section 5538</partNumber>
</titleInfo>
 <identifier type="USC citation">12 U.S.C. 1811</identifier>
 <identifier type="USC citation">12 U.S.C. 1811note</identifier>
 <identifier type="USC citation">12 U.S.C. 21et seq.</identifier>
 <identifier type="USC citation">12 U.S.C. 2601et seq.</identifier>
 <identifier type="USC citation">12 U.S.C. 2801et seq.</identifier>
 <identifier type="USC citation">12 U.S.C. 2803</identifier>
 <identifier type="USC citation">12 U.S.C. 289(a)(3)(A)</identifier>
 <identifier type="USC citation">12 U.S.C. 3201et seq.</identifier>
 <identifier type="USC citation">12 U.S.C. 3401et seq.</identifier>
 <identifier type="USC citation">12 U.S.C. 3801et seq.</identifier>
 <identifier type="USC citation">12 U.S.C. 4001</identifier>
 <identifier type="USC citation">12 U.S.C. 4901et seq.</identifier>
 <identifier type="USC citation">12 U.S.C. 5101et seq.</identifier>
 <identifier type="USC citation">12 U.S.C. 5301et seq.</identifier>
 <identifier type="USC citation">12 U.S.C. 5491</identifier>
 <identifier type="USC citation">12 U.S.C. 5491(a)</identifier>
 <identifier type="USC citation">12 U.S.C. 5492</identifier>
 <identifier type="USC citation">12 U.S.C. 5493</identifier>
 <identifier type="USC citation">12 U.S.C. 5493(a)(1)</identifier>
 <identifier type="USC citation">12 U.S.C. 5493(b)(3)</identifier>
 <identifier type="USC citation">12 U.S.C. 5493(c)(2)</identifier>
 <identifier type="USC citation">12 U.S.C. 5494</identifier>
 <identifier type="USC citation">12 U.S.C. 5496</identifier>
 <identifier type="USC citation">12 U.S.C. 5496(c)</identifier>
 <identifier type="USC citation">12 U.S.C. 5512</identifier>
 <identifier type="USC citation">12 U.S.C. 5512(b)(2)(A)</identifier>
 <identifier type="USC citation">12 U.S.C. 5517</identifier>
 <identifier type="USC citation">12 U.S.C. 5535</identifier>
 <identifier type="USC citation">12 U.S.C. 5538</identifier>
</relatedItem>
<relatedItem type="isReferencedBy">
 <titleInfo>
  <title>United States Code</title>
  <partNumber>Title 15 Section 1601</partNumber>
  <partNumber>Title 15 Section 1681g</partNumber>
  <partNumber>Title 15 Section 1701et seq.</partNumber>
  <partNumber>Title 15 Section 6101et seq.</partNumber>
</titleInfo>
 <identifier type="USC citation">15 U.S.C. 1601</identifier>
 <identifier type="USC citation">15 U.S.C. 1681g</identifier>
 <identifier type="USC citation">15 U.S.C. 1701et seq.</identifier>
 <identifier type="USC citation">15 U.S.C. 6101et seq.</identifier>
</relatedItem>
<relatedItem type="isReferencedBy">
 <titleInfo>
  <title>United States Code</title>
  <partNumber>Title 20 Section 9701et seq.</partNumber>
</titleInfo>
 <identifier type="USC citation">20 U.S.C. 9701et seq.</identifier>
</relatedItem>
<relatedItem type="isReferencedBy">
 <titleInfo>
  <title>United States Code</title>
  <partNumber>Title 44 Section 3502(5)</partNumber>
  <partNumber>Title 44 Section 3513(c)</partNumber>
</titleInfo>
 <identifier type="USC citation">44 U.S.C. 3502(5)</identifier>
 <identifier type="USC citation">44 U.S.C. 3513(c)</identifier>
</relatedItem>
<relatedItem type="isReferencedBy">
 <titleInfo>
  <title>United States Statutes at Large</title>
  <partNumber>Volume 132 Page 1301</partNumber>
</titleInfo>
 <identifier type="Statute citation">132 Stat. 1301</identifier>
</relatedItem>
<relatedItem type="isReferencedBy">
 <titleInfo>
  <title>United States Public Law 8 (111th Congress)</title>
</titleInfo>
 <identifier type="public law citation">Public Law 111-8</identifier>
</relatedItem>
<relatedItem type="isReferencedBy">
 <titleInfo>
  <title>United States Public Law 203 (111th Congress)</title>
</titleInfo>
 <identifier type="public law citation">Public Law 111-203</identifier>
</relatedItem>
<relatedItem type="isReferencedBy">
 <titleInfo>
  <title>United States Public Law 74 (115th Congress)</title>
</titleInfo>
 <identifier type="public law citation">Public Law 115-74</identifier>
</relatedItem>
<relatedItem type="isReferencedBy">
 <titleInfo>
  <title>United States Public Law 174 (115th Congress)</title>
</titleInfo>
 <identifier type="public law citation">Public Law 115-174</identifier>
</relatedItem>
<extension>
 <docClass>hr</docClass>
 <accessId>BILLS-116hr1500eh</accessId>
 <congress>116</congress>
 <session>1</session>
 <originChamber>HOUSE</originChamber>
 <currentChamber>HOUSE</currentChamber>
 <billNumber>1500</billNumber>
 <billVersion reprint="false">eh</billVersion>
 <fileSuffix>eh</fileSuffix>
 <shortTitle type="measure">Consumers First Act</shortTitle>
 <officialTitle>To require the Consumer Financial Protection Bureau to meet its statutory purpose, and for other purposes.</officialTitle>
 <law congress="111" isPrivate="false" number="8"></law>
 <law congress="111" isPrivate="false" number="203"></law>
 <law congress="115" isPrivate="false" number="74"></law>
 <law congress="115" isPrivate="false" number="174"></law>
 <isPrivate>false</isPrivate>
 <isAppropriation>false</isAppropriation>
 <USCode title="5">
                      <section detail="(a)" number="3132"></section>
                      <section detail="(a)(1)(D)" number="3132"></section>
                      <section detail="(w)" number="552a"></section>
                      <chapter number="53"></chapter>
                </USCode>
 <USCode title="10">
                      <section detail="(g)(3)(E)" number="987"></section>
                </USCode>
 <USCode title="12">
                      <section number="1811"></section>
                      <section detail="note" number="1811"></section>
                      <section detail="et seq." number="21"></section>
                      <section detail="et seq." number="2601"></section>
                      <section detail="et seq." number="2801"></section>
                      <section number="2803"></section>
                      <section detail="(a)(3)(A)" number="289"></section>
                      <section detail="et seq." number="3201"></section>
                      <section detail="et seq." number="3401"></section>
                      <section detail="et seq." number="3801"></section>
                      <section number="4001"></section>
                      <section detail="et seq." number="4901"></section>
                      <section detail="et seq." number="5101"></section>
                      <section detail="et seq." number="5301"></section>
                      <section number="5491"></section>
                      <section detail="(a)" number="5491"></section>
                      <section number="5492"></section>
                      <section number="5493"></section>
                      <section detail="(a)(1)" number="5493"></section>
                      <section detail="(b)(3)" number="5493"></section>
                      <section detail="(c)(2)" number="5493"></section>
                      <section number="5494"></section>
                      <section number="5496"></section>
                      <section detail="(c)" number="5496"></section>
                      <section number="5512"></section>
                      <section detail="(b)(2)(A)" number="5512"></section>
                      <section number="5517"></section>
                      <section number="5535"></section>
                      <section number="5538"></section>
                </USCode>
 <USCode title="15">
                      <section number="1601"></section>
                      <section number="1681g"></section>
                      <section detail="et seq." number="1701"></section>
                      <section detail="et seq." number="6101"></section>
                </USCode>
 <USCode title="20">
                      <section detail="et seq." number="9701"></section>
                </USCode>
 <USCode title="44">
                      <section detail="(5)" number="3502"></section>
                      <section detail="(c)" number="3513"></section>
                </USCode>
 <statuteAtLarge volume="132">
                      <pages pages="1301"></pages>
                </statuteAtLarge>
</extension>
</mods>